Code,Room,CheckIn,CheckOut,Rate,LastName,FirstName,Adults,Kids
47496,RND,01-JAN-10,06-JAN-10,150.00,KLEVER,ERASMO,1,0
41112,RND,06-JAN-10,11-JAN-10,135.00,HOOLEY,EUGENIO,1,0
76809,RND,12-JAN-10,14-JAN-10,187.50,WISWELL,JERROD,1,0
70172,RND,23-JAN-10,25-JAN-10,150.00,ALMANZA,PHEBE,1,0
44358,RND,25-JAN-10,27-JAN-10,150.00,BOBROW,CLINTON,2,0
55344,RND,30-JAN-10,31-JAN-10,135.00,RENSCH,LIANA,1,0
99471,RND,31-JAN-10,01-FEB-10,135.00,ABRAHAMS,ANNETT,1,0
81473,RND,01-FEB-10,02-FEB-10,127.50,EVERITT,YUK,1,1
49253,RND,03-FEB-10,06-FEB-10,150.00,NANI,GARRY,1,0
16748,RND,21-FEB-10,23-FEB-10,135.00,KLIMKO,DONTE,1,0
69316,RND,26-FEB-10,07-MAR-10,150.00,SULOUFF,JESSICA,1,0
69844,RND,07-MAR-10,11-MAR-10,172.50,BONIOL,CLINT,1,0
96839,RND,11-MAR-10,12-MAR-10,150.00,ARANAS,ROD,1,0
43911,RND,12-MAR-10,13-MAR-10,127.50,O'REILY,TEODORO,1,0
48382,RND,13-MAR-10,14-MAR-10,150.00,SCHLADWEILER,ELEASE,1,0
77032,RND,14-MAR-10,17-MAR-10,172.50,FRANC,HERBERT,1,0
30043,RND,17-MAR-10,18-MAR-10,150.00,HELFRITZ,RHEA,2,0
48539,RND,21-MAR-10,28-MAR-10,135.00,CHINAULT,EDWARDO,2,0
23850,RND,11-APR-10,17-APR-10,150.00,PENNELLA,LAKIA,2,0
97303,RND,21-APR-10,30-APR-10,150.00,WAEGNER,STANFORD,1,0
21553,RND,01-MAY-10,05-MAY-10,172.50,MECHLING,KERRI,1,0
28465,RND,05-MAY-10,06-MAY-10,150.00,SALLE,SANTANA,1,0
62147,RND,06-MAY-10,13-MAY-10,135.00,BURCHAM,JONATHON,1,1
38368,RND,30-MAY-10,06-JUN-10,150.00,FOCKE,HONEY,1,1
48822,RND,08-JUN-10,12-JUN-10,187.50,HULETTE,DARIUS,1,0
18822,RND,12-JUN-10,14-JUN-10,150.00,NORN,GARLAND,2,0
34034,RND,14-JUN-10,20-JUN-10,172.50,GABBETT,ALLEN,1,0
52470,RND,20-JUN-10,21-JUN-10,127.50,BAIRAM,BRADLY,1,1
95709,RND,21-JUN-10,02-JUL-10,135.00,TRUDEN,LEWIS,1,0
93984,RND,02-JUL-10,03-JUL-10,187.50,DEBARDELABEN,NELL,1,0
76245,RND,18-JUL-10,19-JUL-10,150.00,TOSTI,DAN,1,1
30300,RND,19-JUL-10,20-JUL-10,135.00,PRIAL,MYLES,1,0
70440,RND,23-JUL-10,27-JUL-10,150.00,DEVEY,GIUSEPPE,1,0
44933,RND,27-JUL-10,29-JUL-10,150.00,FURIA,ELWANDA,2,0
63458,RND,31-JUL-10,01-AUG-10,172.50,LELEUX,PORTER,1,1
78964,RND,05-AUG-10,06-AUG-10,150.00,SPERAZZA,WILBUR,2,0
64503,RND,06-AUG-10,11-AUG-10,172.50,MAURER,TEODORO,2,0
15534,RND,28-AUG-10,01-SEP-10,150.00,GAUD,REINALDO,1,0
87560,RND,01-SEP-10,02-SEP-10,150.00,SABALA,MORTON,1,0
59083,RND,03-SEP-10,10-SEP-10,172.50,HARTFORD,NATHANAEL,2,0
91895,RND,10-SEP-10,11-SEP-10,150.00,BLADE,RUBEN,1,0
65416,RND,11-SEP-10,13-SEP-10,127.50,STRICK,NICHOLLE,1,0
94375,RND,13-SEP-10,19-SEP-10,150.00,WEGER,TOBY,1,0
69494,RND,21-SEP-10,22-SEP-10,135.00,MINDEN,STACEY,1,0
14845,RND,27-SEP-10,30-SEP-10,150.00,ROTCH,FLORIDA,1,1
10449,RND,30-SEP-10,01-OCT-10,150.00,KLESS,NELSON,1,0
28494,RND,01-OCT-10,13-OCT-10,135.00,DERKAS,GUS,1,0
67343,RND,14-OCT-10,25-OCT-10,172.50,ALBROUGH,OLYMPIA,2,0
63293,RND,25-OCT-10,01-NOV-10,127.50,KUTA,HERMAN,1,1
55551,RND,04-NOV-10,08-NOV-10,127.50,COOKUS,KASHA,2,0
57705,RND,12-NOV-10,15-NOV-10,172.50,ROTHMAN,GLENNIS,1,0
48532,RND,20-NOV-10,22-NOV-10,135.00,VANDEBRINK,TRESSIE,1,0
32049,RND,22-NOV-10,04-DEC-10,135.00,PANOS,LESTER,1,1
54369,RND,04-DEC-10,06-DEC-10,172.50,MULE,DIONNA,1,0
24667,RND,08-DEC-10,09-DEC-10,187.50,BAUGUESS,ERYN,1,0
68385,RND,10-DEC-10,12-DEC-10,172.50,ALBERO,ABBEY,1,0
46577,RND,12-DEC-10,14-DEC-10,135.00,MAURER,TEODORO,1,0
41783,RND,19-DEC-10,20-DEC-10,187.50,LEDOUX,LENA,1,0
30020,RND,21-DEC-10,28-DEC-10,135.00,PORTO,MARIANO,1,1
26701,RND,28-DEC-10,30-DEC-10,150.00,DEJAEGER,WELDON,2,0
69598,RND,30-DEC-10,31-DEC-10,150.00,RENIER,MARCELLUS,1,0
97512,RND,31-DEC-10,02-JAN-11,150.00,FRAILEY,JUANITA,1,0
74548,IBS,13-JAN-10,16-JAN-10,172.50,BORROMEO,EBONY,1,1
89123,IBS,20-JAN-10,30-JAN-10,172.50,GISSLER,EFRAIN,1,0
77967,IBS,30-JAN-10,06-FEB-10,172.50,MCNEELEY,ARTHUR,1,0
62333,IBS,06-FEB-10,07-FEB-10,150.00,ABATIELL,CATHRYN,2,0
72456,IBS,08-FEB-10,10-FEB-10,150.00,STARTIN,BRUNA,1,1
15733,IBS,11-FEB-10,13-FEB-10,172.50,BEALLE,RASHAD,1,0
39602,IBS,13-FEB-10,23-FEB-10,150.00,STUART,IVA,1,1
75477,IBS,23-FEB-10,24-FEB-10,172.50,JAHR,JESSIE,2,0
41754,IBS,24-FEB-10,25-FEB-10,172.50,ANA,ELLAN,1,0
12138,IBS,28-FEB-10,05-MAR-10,150.00,SHARIAT,JARRED,1,0
95260,IBS,07-MAR-10,19-MAR-10,187.50,PERRINO,DENNY,1,0
63558,IBS,20-MAR-10,22-MAR-10,150.00,KEPKE,HAROLD,1,1
53535,IBS,22-MAR-10,25-MAR-10,172.50,ALLENDE,VIRGIL,1,1
63746,IBS,25-MAR-10,27-MAR-10,187.50,SCARLES,LANDON,1,1
58881,IBS,27-MAR-10,29-MAR-10,150.00,RONFELDT,JERMAINE,1,0
16933,IBS,01-APR-10,03-APR-10,150.00,NORSWORTHY,AUBREY,2,0
18900,IBS,03-APR-10,05-APR-10,172.50,LAURY,EMILY,2,0
58762,IBS,05-APR-10,07-APR-10,127.50,REDEPENNING,FAITH,1,0
50223,IBS,12-APR-10,14-APR-10,135.00,CALLICUTT,HONG,1,0
84715,IBS,18-APR-10,19-APR-10,150.00,BECKUM,MISSY,1,0
55641,IBS,23-APR-10,25-APR-10,150.00,ISHIBASHI,CAPRICE,1,1
99268,IBS,30-APR-10,03-MAY-10,135.00,LEEHY,NENA,1,0
14001,IBS,11-MAY-10,12-MAY-10,187.50,COSTON,LANNY,1,0
63652,IBS,14-MAY-10,20-MAY-10,172.50,COVERT,ADAM,1,1
28227,IBS,30-MAY-10,04-JUN-10,172.50,STUART,IVA,2,0
81780,IBS,09-JUN-10,10-JUN-10,150.00,ENTWISLE,THOMAS,1,0
44426,IBS,22-JUN-10,23-JUN-10,150.00,CHEESE,TRINIDAD,1,0
62816,IBS,07-JUL-10,11-JUL-10,127.50,MAEWEATHER,AUGUST,1,0
94074,IBS,15-JUL-10,16-JUL-10,135.00,TRIBBY,ADELIA,1,0
22981,IBS,21-JUL-10,23-JUL-10,172.50,KNERIEN,GRANT,1,0
72503,IBS,23-JUL-10,30-JUL-10,150.00,VELZEBOER,HAN,2,0
44428,IBS,04-AUG-10,06-AUG-10,172.50,ZAVADOSKI,CLAIR,1,0
26135,IBS,09-AUG-10,14-AUG-10,150.00,STORDAHL,NATOSHA,1,0
88795,IBS,18-AUG-10,26-AUG-10,150.00,EURICH,ANTONE,1,1
78565,IBS,28-AUG-10,31-AUG-10,187.50,WAGERS,HOUSTON,2,0
97220,IBS,31-AUG-10,04-SEP-10,187.50,WIXOM,MARCIA,1,1
37585,IBS,06-SEP-10,08-SEP-10,135.00,NOAH,DOROTHEA,2,0
67689,IBS,08-SEP-10,11-SEP-10,172.50,DELGUIDICE,DAN,2,0
53723,IBS,11-SEP-10,12-SEP-10,135.00,KVETON,FREDRICK,2,0
11996,IBS,14-SEP-10,16-SEP-10,187.50,BURBANK,ROBERT,1,0
55363,IBS,20-SEP-10,22-SEP-10,135.00,VERDINE,ANTONINA,1,0
53747,IBS,22-SEP-10,23-SEP-10,135.00,SPEARIN,TOMMY,1,1
59610,IBS,23-SEP-10,30-SEP-10,150.00,EGELSTON,EMANUEL,2,0
77319,IBS,09-OCT-10,11-OCT-10,172.50,WIDOWSKI,EUSEBIO,2,0
58148,IBS,11-OCT-10,13-OCT-10,172.50,VOLANTE,EMERY,1,0
62305,IBS,15-OCT-10,22-OCT-10,150.00,KAMROWSKI,EVITA,2,0
95100,IBS,27-OCT-10,05-NOV-10,172.50,LABAT,JEANMARIE,1,0
93407,IBS,05-NOV-10,07-NOV-10,187.50,KOLP,PAMELIA,1,0
35870,IBS,09-NOV-10,11-NOV-10,135.00,DONIGAN,GLEN,1,1
42731,IBS,11-NOV-10,15-NOV-10,172.50,HOTARD,ALYSIA,2,0
22561,IBS,15-NOV-10,21-NOV-10,127.50,VUTURO,DEVORAH,1,0
49482,IBS,21-NOV-10,02-DEC-10,172.50,ATTEBURG,ELMIRA,2,0
66331,IBS,02-DEC-10,06-DEC-10,135.00,SEVILLANO,LILLI,1,1
27490,IBS,06-DEC-10,08-DEC-10,150.00,PENDLEY,SCOTTIE,1,1
40675,IBS,13-DEC-10,14-DEC-10,150.00,HANUS,THEOLA,1,0
51097,IBS,18-DEC-10,20-DEC-10,135.00,TOODLE,NOLA,2,0
60749,IBS,22-DEC-10,24-DEC-10,135.00,DONAHER,LAKIA,1,0
58196,IBS,24-DEC-10,30-DEC-10,150.00,ZELINSKI,ARTHUR,1,0
96658,IBS,30-DEC-10,01-JAN-11,187.50,SCHLESSELMAN,NEVILLE,1,0
17265,AOB,01-JAN-10,06-JAN-10,175.00,HENLY,RUPERT,4,0
52597,AOB,11-JAN-10,14-JAN-10,175.00,CASMORE,MARINE,3,0
67200,AOB,16-JAN-10,23-JAN-10,148.75,CHET,CHARLEEN,1,2
28406,AOB,23-JAN-10,29-JAN-10,175.00,COOKUS,KASHA,2,1
10489,AOB,02-FEB-10,05-FEB-10,218.75,CARISTO,MARKITA,2,1
31993,AOB,08-FEB-10,10-FEB-10,201.25,ZIEBARTH,ADELAIDE,1,3
30937,AOB,14-FEB-10,15-FEB-10,175.00,FITZGERREL,DENNY,1,3
15870,AOB,15-FEB-10,19-FEB-10,175.00,CORIATY,BERTA,1,3
94545,AOB,03-MAR-10,13-MAR-10,201.25,SHERRANGE,AUGUST,2,0
57527,AOB,26-MAR-10,28-MAR-10,201.25,ABAJA,RHEA,2,0
93341,AOB,02-APR-10,08-APR-10,175.00,FROHMAN,SHAYNE,3,1
72945,AOB,12-APR-10,13-APR-10,201.25,KOHS,BOB,1,1
65417,AOB,13-APR-10,15-APR-10,175.00,ACHTER,GRETA,1,1
50207,AOB,20-APR-10,21-APR-10,175.00,ROSENDO,TAREN,1,0
12258,AOB,23-APR-10,27-APR-10,175.00,KANNEL,RODGER,1,0
58755,AOB,30-APR-10,01-MAY-10,175.00,MALNAR,GROVER,1,0
17955,AOB,05-MAY-10,09-MAY-10,201.25,PANARELLO,TODD,2,0
75853,AOB,10-MAY-10,12-MAY-10,175.00,MELOT,JENNA,4,0
58972,AOB,17-MAY-10,19-MAY-10,157.50,BERS,BRENDA,2,1
48113,AOB,24-MAY-10,25-MAY-10,175.00,BABU,SARAI,2,0
17344,AOB,25-MAY-10,26-MAY-10,218.75,GALOW,RICKEY,1,1
33806,AOB,27-MAY-10,28-MAY-10,175.00,OXFORD,KATRICE,1,2
28455,AOB,29-MAY-10,31-MAY-10,175.00,RISHA,NORBERTO,1,1
14940,AOB,01-JUN-10,12-JUN-10,175.00,BISHOFF,ISREAL,2,0
43225,AOB,12-JUN-10,13-JUN-10,157.50,CAPRON,CASSAUNDRA,1,1
54831,AOB,15-JUN-10,21-JUN-10,201.25,BAUGUESS,ERYN,1,3
59225,AOB,26-JUN-10,30-JUN-10,201.25,DURAN,BO,1,0
18465,AOB,30-JUN-10,07-JUL-10,175.00,KRIEGH,AMADO,2,0
38013,AOB,08-JUL-10,15-JUL-10,175.00,RURY,SENA,1,1
47004,AOB,15-JUL-10,28-JUL-10,175.00,STEBNER,MAXIE,1,1
56286,AOB,29-JUL-10,31-JUL-10,201.25,BRICKEL,ROCKY,3,1
29253,AOB,31-JUL-10,03-AUG-10,175.00,HILDRED,MARTY,3,1
76149,AOB,07-AUG-10,09-AUG-10,201.25,HONEYWELL,JULIANA,2,2
24300,AOB,09-AUG-10,15-AUG-10,201.25,CANDON,PIERRE,4,0
13058,AOB,17-AUG-10,18-AUG-10,157.50,ABATIELL,CATHRYN,1,2
95605,AOB,18-AUG-10,20-AUG-10,218.75,FIGLIOLI,NANCI,1,2
17270,AOB,20-AUG-10,23-AUG-10,175.00,RELLIHAN,COURTNEY,1,0
67427,AOB,02-SEP-10,14-SEP-10,175.00,STRACK,PORTER,1,3
33748,AOB,14-SEP-10,16-SEP-10,175.00,PIGNONE,JOEL,1,3
47146,AOB,16-SEP-10,23-SEP-10,201.25,GATTSHALL,REGAN,1,0
95204,AOB,08-OCT-10,14-OCT-10,157.50,CARRUTH,SANDY,1,2
41619,AOB,15-OCT-10,22-OCT-10,175.00,MASSEY,DORIAN,4,0
80390,AOB,22-OCT-10,31-OCT-10,157.50,PHILBERT,CHRISTIE,2,2
44836,AOB,31-OCT-10,03-NOV-10,148.75,DEFRANG,DWAIN,1,0
69035,AOB,18-NOV-10,26-NOV-10,218.75,KU,MERIDETH,1,3
29287,AOB,01-DEC-10,08-DEC-10,218.75,FRYDAY,HERBERT,2,0
18834,AOB,08-DEC-10,10-DEC-10,148.75,DUCHARME,MIGUELINA,2,0
58934,AOB,15-DEC-10,22-DEC-10,201.25,RICHARD,ROBBY,1,1
82502,AOB,25-DEC-10,26-DEC-10,175.00,KRULIK,JEFFRY,1,2
36890,AOB,26-DEC-10,28-DEC-10,175.00,PHILBERT,CHRISTIE,2,1
10984,AOB,28-DEC-10,01-JAN-11,201.25,ZULLO,WILLY,2,1
80192,MWC,01-JAN-10,03-JAN-10,112.50,MUHLESTEIN,REINALDO,3,1
58266,MWC,08-JAN-10,14-JAN-10,125.00,PICKARD,HORTENCIA,1,0
53876,MWC,14-JAN-10,15-JAN-10,125.00,KEBEDE,ARON,3,0
82409,MWC,30-JAN-10,01-FEB-10,125.00,QUARTO,VANDA,4,0
39640,MWC,01-FEB-10,05-FEB-10,143.75,HERZING,DELPHIA,2,1
31371,MWC,05-FEB-10,06-FEB-10,125.00,TARZIA,KAYLEE,2,0
31508,MWC,10-FEB-10,14-FEB-10,112.50,FULK,GENE,4,0
37985,MWC,15-FEB-10,18-FEB-10,112.50,PEDERSON,DOTTIE,1,1
54966,MWC,23-FEB-10,24-FEB-10,125.00,MAZUREK,LEIGHANN,1,0
64987,MWC,28-FEB-10,05-MAR-10,125.00,BRESSE,BURTON,1,0
40678,MWC,22-MAR-10,29-MAR-10,112.50,KENNETT,QUEEN,3,0
36356,MWC,29-MAR-10,04-APR-10,125.00,SPECTOR,FRITZ,2,1
35180,MWC,07-APR-10,08-APR-10,125.00,POWNELL,BRIDGET,1,0
96909,MWC,09-APR-10,15-APR-10,125.00,WILLIBRAND,HEATHER,3,0
79056,MWC,19-APR-10,25-APR-10,125.00,GANZER,HYMAN,2,0
90108,MWC,30-APR-10,01-MAY-10,156.25,FANZO,TERRY,1,0
30479,MWC,01-MAY-10,10-MAY-10,143.75,QUISPE,MARGARITO,1,1
60169,MWC,10-MAY-10,16-MAY-10,125.00,ROSATI,LORENA,1,3
91415,MWC,16-MAY-10,18-MAY-10,112.50,LEHRFELD,CHERLY,3,0
87943,MWC,21-MAY-10,28-MAY-10,125.00,LUTFY,LIZETTE,2,0
14273,MWC,28-MAY-10,30-MAY-10,125.00,STARE,ELIJAH,1,0
25134,MWC,31-MAY-10,02-JUN-10,143.75,HARDYMAN,CLAYTON,1,1
34244,MWC,04-JUN-10,06-JUN-10,112.50,SPIKE,ROSENDA,4,0
84244,MWC,06-JUN-10,07-JUN-10,125.00,TALAT,MEAGHAN,2,1
64456,MWC,07-JUN-10,09-JUN-10,125.00,MCCLENNINGHAM,BRADLY,1,2
86375,MWC,12-JUN-10,22-JUN-10,156.25,RANAUDO,SELINA,1,0
84120,MWC,29-JUN-10,05-JUL-10,143.75,LOTTO,MYRA,3,1
72817,MWC,08-JUL-10,09-JUL-10,143.75,FINEFROCK,ALEXIS,1,2
16136,MWC,09-JUL-10,12-JUL-10,143.75,FERENCE,MORGAN,1,0
44378,MWC,12-JUL-10,13-JUL-10,125.00,COTMAN,JOLYNN,1,3
54323,MWC,13-JUL-10,14-JUL-10,106.25,LUNNEY,YVETTE,3,0
18311,MWC,27-JUL-10,31-JUL-10,125.00,LUEDKE,BRYNN,1,1
65909,MWC,31-JUL-10,01-AUG-10,112.50,BENDICKSON,NEWTON,2,0
70287,MWC,02-AUG-10,11-AUG-10,143.75,MAEDA,DUSTY,1,0
92348,MWC,11-AUG-10,17-AUG-10,125.00,BARTHELL,RICARDA,1,0
53295,MWC,17-AUG-10,22-AUG-10,106.25,HANUS,THEOLA,2,1
97375,MWC,26-AUG-10,27-AUG-10,112.50,DONNELLEY,GARNET,3,0
79219,MWC,27-AUG-10,30-AUG-10,125.00,KLAASS,HYON,3,1
69840,MWC,30-AUG-10,03-SEP-10,112.50,KNERIEN,GRANT,2,1
95620,MWC,07-SEP-10,10-SEP-10,112.50,ZAHLER,GORDON,1,0
35136,MWC,10-SEP-10,12-SEP-10,112.50,MALCHOW,RAMIRO,1,0
67464,MWC,27-SEP-10,30-SEP-10,112.50,KVETON,FREDRICK,1,1
38677,MWC,05-OCT-10,11-OCT-10,156.25,HORELICK,BYRON,2,0
32116,MWC,15-OCT-10,17-OCT-10,143.75,RUSSO,MELODY,1,1
21848,MWC,17-OCT-10,18-OCT-10,112.50,CLOFFI,CHAROLETTE,1,0
73473,MWC,18-OCT-10,27-OCT-10,125.00,ROTCHFORD,DWIGHT,3,0
98441,MWC,30-OCT-10,07-NOV-10,106.25,RAMPLEY,HERMA,4,0
54781,MWC,07-NOV-10,11-NOV-10,125.00,KUTA,HERMAN,1,2
93587,MWC,11-NOV-10,12-NOV-10,112.50,ZELAYA,PRINCE,3,1
33271,MWC,29-NOV-10,02-DEC-10,143.75,YONKERS,RHETT,2,2
40043,MWC,04-DEC-10,14-DEC-10,125.00,LANSBERRY,JESUSITA,3,1
33155,MWC,14-DEC-10,16-DEC-10,143.75,FOLGER,ELOISA,1,0
88588,MWC,16-DEC-10,17-DEC-10,125.00,RELFORD,MARYBELLE,2,0
57015,MWC,19-DEC-10,20-DEC-10,106.25,BUSTER,TOM,1,0
87890,MWC,20-DEC-10,22-DEC-10,143.75,HELKE,ISAAC,1,0
66189,MWC,30-DEC-10,04-JAN-11,143.75,FROEHNER,LATRISHA,3,0
76801,HBB,06-JAN-10,18-JAN-10,125.00,CRACE,HERB,1,1
24408,HBB,18-JAN-10,19-JAN-10,100.00,RADIN,RUSTY,1,0
21980,HBB,05-FEB-10,08-FEB-10,115.00,SIDDELL,MACY,1,1
87260,HBB,13-FEB-10,15-FEB-10,90.00,REPKE,CHAE,1,1
78241,HBB,20-FEB-10,28-FEB-10,85.00,CHAMBLEE,ALTHA,2,0
64657,HBB,01-MAR-10,06-MAR-10,115.00,VIPPERMAN,PABLO,2,0
25558,HBB,17-MAR-10,19-MAR-10,125.00,SHOULDER,FLORENTINO,1,1
82874,HBB,30-MAR-10,09-APR-10,125.00,ATTEBURG,ELMIRA,1,1
89780,HBB,09-APR-10,11-APR-10,100.00,WAHR,CLINT,1,0
63523,HBB,15-APR-10,16-APR-10,115.00,RATTANA,WINFRED,1,0
30723,HBB,16-APR-10,23-APR-10,125.00,MASSER,TROY,2,0
88884,HBB,27-APR-10,30-APR-10,85.00,KIRAKOSYAN,KAREEM,1,1
18019,HBB,03-MAY-10,05-MAY-10,115.00,ARNDELL,JEFFEREY,1,1
77379,HBB,06-MAY-10,08-MAY-10,115.00,TORNQUIST,JESS,1,0
45157,HBB,11-MAY-10,18-MAY-10,115.00,WICKLIN,WYNELL,2,0
77574,HBB,22-MAY-10,03-JUN-10,90.00,CASMORE,MARINE,1,1
69945,HBB,07-JUN-10,09-JUN-10,115.00,FLEURILUS,KATTIE,1,0
73154,HBB,14-JUN-10,19-JUN-10,115.00,SAILORS,SANDA,1,0
97000,HBB,20-JUN-10,26-JUN-10,125.00,OCHS,ANGLA,1,0
34855,HBB,01-JUL-10,04-JUL-10,100.00,YURICK,SHARA,2,0
86394,HBB,07-JUL-10,09-JUL-10,100.00,WESTLING,DACIA,2,0
49467,HBB,09-JUL-10,16-JUL-10,115.00,SUSMILCH,RAYMUNDO,1,0
65206,HBB,16-JUL-10,21-JUL-10,100.00,HIRONS,RANDAL,1,1
12686,HBB,22-JUL-10,25-JUL-10,85.00,GROWNEY,MELVIN,2,0
92608,HBB,30-JUL-10,01-AUG-10,125.00,PENCEK,SILVIA,1,0
71443,HBB,02-AUG-10,05-AUG-10,100.00,KLIMAVICIUS,ULRIKE,1,0
52799,HBB,05-AUG-10,07-AUG-10,85.00,WANDREI,ISSAC,1,0
41880,HBB,07-AUG-10,09-AUG-10,100.00,PLAKE,KARMEN,1,0
25262,HBB,09-AUG-10,11-AUG-10,115.00,YAPLE,CLAUDIE,1,0
10500,HBB,11-AUG-10,12-AUG-10,90.00,YESSIOS,ANNIS,1,0
97585,HBB,15-AUG-10,16-AUG-10,85.00,PARISER,ELIJAH,1,0
84334,HBB,19-AUG-10,25-AUG-10,125.00,NEUBECKER,GARY,2,0
28589,HBB,25-AUG-10,26-AUG-10,115.00,RIMAR,KEELY,2,0
62874,HBB,26-AUG-10,27-AUG-10,100.00,SKIBA,MITCHELL,1,1
46665,HBB,31-AUG-10,09-SEP-10,100.00,MABRA,MARGET,1,0
40241,HBB,13-SEP-10,15-SEP-10,85.00,CORSARO,SHELLA,1,1
48604,HBB,16-SEP-10,22-SEP-10,115.00,GARCES,CRISTIE,1,1
48665,HBB,26-SEP-10,28-SEP-10,90.00,STOUDYMIRE,COLUMBUS,1,1
20572,HBB,28-SEP-10,29-SEP-10,115.00,SANDLER,JENISE,2,0
97269,HBB,04-OCT-10,05-OCT-10,115.00,MELVE,PHIL,1,1
25616,HBB,05-OCT-10,06-OCT-10,100.00,KOSANOVIC,EWA,1,0
87713,HBB,08-OCT-10,10-OCT-10,90.00,TANKER,JONE,1,0
44040,HBB,15-OCT-10,16-OCT-10,90.00,ZELAYA,PRINCE,1,0
21202,HBB,21-OCT-10,23-OCT-10,125.00,CASAGRANDA,BRAIN,2,0
10105,HBB,23-OCT-10,25-OCT-10,100.00,SELBIG,CONRAD,1,0
19194,HBB,29-OCT-10,05-NOV-10,125.00,WORKINGER,CLIFTON,1,0
35959,HBB,07-NOV-10,09-NOV-10,100.00,BRAND,TROY,1,0
74141,HBB,14-NOV-10,16-NOV-10,100.00,BRODOWSKI,RODERICK,1,0
56737,HBB,17-NOV-10,18-NOV-10,100.00,PETTINE,NUMBERS,2,0
80302,HBB,22-NOV-10,24-NOV-10,115.00,KLEIMAN,MAURICIO,1,0
55862,HBB,28-NOV-10,05-DEC-10,85.00,BIERWAGEN,MARK,1,1
63078,HBB,05-DEC-10,06-DEC-10,90.00,WHITTEN,MITZI,1,0
63043,HBB,06-DEC-10,07-DEC-10,85.00,CIERPKE,DOT,1,1
73785,HBB,07-DEC-10,09-DEC-10,100.00,ROGGE,MEREDITH,2,0
93165,HBB,10-DEC-10,14-DEC-10,90.00,LEDOUX,LENA,1,0
58668,HBB,14-DEC-10,19-DEC-10,125.00,COASTER,MERLE,1,1
17672,HBB,21-DEC-10,22-DEC-10,90.00,DECHELLIS,AARON,1,0
84695,HBB,22-DEC-10,23-DEC-10,90.00,BRAND,TROY,2,0
38636,HBB,29-DEC-10,31-DEC-10,115.00,FORESTA,JORDON,1,0
43157,HBB,31-DEC-10,06-JAN-11,100.00,STURN,NEVADA,2,0
96005,IBD,01-JAN-10,07-JAN-10,150.00,BUTALA,YEVETTE,3,0
67066,IBD,07-JAN-10,11-JAN-10,135.00,EDHOLM,ALFRED,3,1
14226,IBD,11-JAN-10,12-JAN-10,150.00,SCHOENHUT,VERNICE,2,1
62078,IBD,12-JAN-10,25-JAN-10,172.50,BRODOWSKI,RODERICK,1,0
43303,IBD,27-JAN-10,28-JAN-10,150.00,MENINO,STEVEN,1,1
14678,IBD,28-JAN-10,30-JAN-10,150.00,SATERFIELD,FRANCISCO,3,1
30363,IBD,30-JAN-10,09-FEB-10,172.50,JAHALY,DELORSE,3,0
80613,IBD,09-FEB-10,12-FEB-10,135.00,CREDIT,JANESSA,1,3
98216,IBD,18-FEB-10,25-FEB-10,150.00,RAMSDEN,BILLIE,1,0
43654,IBD,27-FEB-10,28-FEB-10,172.50,BORROMEO,EBONY,2,1
56509,IBD,08-MAR-10,10-MAR-10,150.00,VONDRA,HUMBERTO,3,0
95519,IBD,21-MAR-10,23-MAR-10,172.50,ZINDEL,CHUNG,2,2
57275,IBD,28-MAR-10,02-APR-10,150.00,MABRA,MARGET,3,0
66089,IBD,06-APR-10,07-APR-10,135.00,WINNEN,TYLER,2,1
70741,IBD,09-APR-10,14-APR-10,150.00,EERKES,CODY,3,0
20107,IBD,14-APR-10,16-APR-10,135.00,ARBUCKLE,LORENA,2,1
13136,IBD,16-APR-10,17-APR-10,187.50,FEYLER,EMILIA,1,0
33427,IBD,17-APR-10,21-APR-10,135.00,BEALLE,RASHAD,1,0
80989,IBD,24-APR-10,06-MAY-10,150.00,TIPPIN,ASUNCION,1,0
97996,IBD,06-MAY-10,07-MAY-10,135.00,LUCIDO,AHMAD,1,1
55870,IBD,08-MAY-10,13-MAY-10,135.00,BELONGIE,BIBI,1,3
11645,IBD,13-MAY-10,19-MAY-10,135.00,SWAIT,DAN,2,1
19394,IBD,23-MAY-10,25-MAY-10,150.00,HARPE,GERMAN,1,2
99845,IBD,27-MAY-10,28-MAY-10,150.00,SEVILLANO,LILLI,3,0
32933,IBD,05-JUN-10,06-JUN-10,135.00,MURASSO,JAMIE,2,1
83021,IBD,06-JUN-10,07-JUN-10,172.50,KLAVETTER,DOUGLASS,1,3
65153,IBD,12-JUN-10,14-JUN-10,150.00,VEGHER,ANGELA,1,2
96983,IBD,18-JUN-10,23-JUN-10,127.50,CLOWERD,ARNULFO,2,1
86560,IBD,23-JUN-10,24-JUN-10,187.50,SHUTTERS,CLARINDA,3,1
87086,IBD,28-JUN-10,07-JUL-10,150.00,WAGERS,HOUSTON,1,0
98882,IBD,07-JUL-10,14-JUL-10,127.50,GOON,JONE,1,0
27983,IBD,22-JUL-10,24-JUL-10,135.00,SWARTWOOD,JENI,3,1
37425,IBD,26-JUL-10,28-JUL-10,150.00,FIERECK,ALBERTA,4,0
17222,IBD,28-JUL-10,07-AUG-10,150.00,BOHMAN,LAYNE,1,3
20269,IBD,12-AUG-10,19-AUG-10,135.00,BILLICK,NIEVES,1,0
24326,IBD,19-AUG-10,21-AUG-10,135.00,CULMER,LLOYD,1,3
63600,IBD,21-AUG-10,28-AUG-10,150.00,WEARS,LIBBIE,3,0
37845,IBD,29-AUG-10,30-AUG-10,127.50,PENEZ,AMIEE,1,0
24986,IBD,30-AUG-10,01-SEP-10,150.00,HEATH,PASQUALE,4,0
12085,IBD,04-SEP-10,08-SEP-10,135.00,GLASGLOW,EMMANUEL,2,0
29937,IBD,08-SEP-10,10-SEP-10,150.00,OBERHAUSEN,JODY,2,1
11703,IBD,10-SEP-10,11-SEP-10,172.50,HAVIS,SHERILYN,2,0
10183,IBD,19-SEP-10,20-SEP-10,150.00,GABLER,DOLLIE,2,0
14149,IBD,20-SEP-10,22-SEP-10,150.00,HOULIHAN,LEVI,2,1
17405,IBD,02-OCT-10,03-OCT-10,127.50,KESTER,KIZZY,3,1
21625,IBD,03-OCT-10,14-OCT-10,187.50,BOSE,FRANCISCO,1,2
43651,IBD,19-OCT-10,21-OCT-10,150.00,LAGERMAN,LEOLA,2,0
37060,IBD,21-OCT-10,23-OCT-10,150.00,PASSANTINO,DALLAS,1,3
66548,IBD,23-OCT-10,26-OCT-10,150.00,FEASTER,KRISTOPHER,3,0
11857,IBD,27-OCT-10,29-OCT-10,187.50,HARDINA,LORITA,4,0
33395,IBD,31-OCT-10,02-NOV-10,150.00,METER,ROSA,2,0
43584,IBD,02-NOV-10,04-NOV-10,135.00,BRUSKI,MONTY,1,2
93736,IBD,07-NOV-10,10-NOV-10,135.00,TREGRE,COLTON,2,1
44310,IBD,15-NOV-10,21-NOV-10,135.00,DIEZ,NADIA,4,0
47511,IBD,21-NOV-10,22-NOV-10,172.50,VELIE,NIKKI,1,2
88892,IBD,22-NOV-10,26-NOV-10,187.50,MARKWORTH,DESPINA,4,0
26798,IBD,30-NOV-10,06-DEC-10,135.00,BONJORNO,IGNACIO,1,1
33195,IBD,06-DEC-10,12-DEC-10,150.00,DEHLINGER,VANCE,3,1
72506,IBD,12-DEC-10,25-DEC-10,150.00,KNERIEN,GRANT,2,0
70889,IBD,25-DEC-10,26-DEC-10,172.50,DINUNZIO,FELIPE,1,3
72890,IBD,26-DEC-10,27-DEC-10,172.50,AKHTAR,BENTON,1,0
71679,IBD,27-DEC-10,31-DEC-10,172.50,MIKEL,BRIGIDA,1,0
43692,IBD,31-DEC-10,01-JAN-11,172.50,BEAMON,HYACINTH,1,0
83481,TAA,03-JAN-10,07-JAN-10,67.50,ENGELSON,MIKKI,2,0
38209,TAA,08-JAN-10,13-JAN-10,86.25,ECKERT,EDIE,1,0
89102,TAA,14-JAN-10,15-JAN-10,67.50,CARBACK,ZOLA,2,0
87915,TAA,18-JAN-10,24-JAN-10,63.75,ACHENBACH,HERB,1,0
57627,TAA,29-JAN-10,05-FEB-10,67.50,SWEAZY,ROY,1,1
77911,TAA,05-FEB-10,07-FEB-10,75.00,WIDOWSKI,EUSEBIO,2,0
56475,TAA,07-FEB-10,08-FEB-10,93.75,KLIGER,TRICIA,1,0
89519,TAA,09-FEB-10,10-FEB-10,75.00,STIMSON,NICOLA,1,0
62313,TAA,10-FEB-10,12-FEB-10,86.25,WAEGNER,BROOKS,1,1
68829,TAA,12-FEB-10,15-FEB-10,67.50,POIRRIER,SUZETTE,1,1
84756,TAA,19-FEB-10,22-FEB-10,75.00,CARLYLE,BILLYE,1,1
13972,TAA,22-FEB-10,25-FEB-10,67.50,DAYA,COREY,2,0
55985,TAA,25-FEB-10,26-FEB-10,86.25,BASSI,DUSTY,1,0
92508,TAA,26-FEB-10,27-FEB-10,75.00,MULE,DIONNA,2,0
56344,TAA,02-MAR-10,03-MAR-10,86.25,INGUARDSEN,HARRISON,1,0
24420,TAA,03-MAR-10,12-MAR-10,75.00,SCHLESSER,FLOYD,1,1
74927,TAA,24-MAR-10,26-MAR-10,67.50,MACROSTIE,SABRINA,1,0
69499,TAA,27-MAR-10,29-MAR-10,75.00,AKHTAR,BENTON,1,0
44771,TAA,29-MAR-10,30-MAR-10,67.50,NOBLIN,BELKIS,2,0
31636,TAA,09-APR-10,11-APR-10,75.00,FAGERSTROM,ALLAN,1,0
36855,TAA,13-APR-10,14-APR-10,67.50,TRAMM,SANG,1,0
92463,TAA,14-APR-10,15-APR-10,75.00,DAOUD,STEPHEN,1,0
26423,TAA,15-APR-10,18-APR-10,86.25,DEININGER,RICKIE,1,1
49886,TAA,21-APR-10,27-APR-10,86.25,BRINAR,WOODROW,1,1
75081,TAA,27-APR-10,07-MAY-10,75.00,HANSEN,LAREE,1,0
29496,TAA,07-MAY-10,14-MAY-10,75.00,HONIGSBERG,PEARLENE,1,0
97924,TAA,19-MAY-10,21-MAY-10,75.00,SPECTOR,FRITZ,2,0
61861,TAA,30-MAY-10,12-JUN-10,86.25,EASTLING,AUNDREA,1,0
27125,TAA,13-JUN-10,15-JUN-10,75.00,BOESER,DIVINA,1,0
26487,TAA,15-JUN-10,19-JUN-10,63.75,JUHL,MILLARD,1,0
97491,TAA,19-JUN-10,23-JUN-10,86.25,BALCOM,JOEY,1,0
49153,TAA,23-JUN-10,30-JUN-10,86.25,ZEPEDA,ELANA,1,0
68265,TAA,30-JUN-10,03-JUL-10,67.50,BREGER,BOYD,2,0
94949,TAA,03-JUL-10,09-JUL-10,75.00,FINEFROCK,ALEXIS,1,1
67917,TAA,09-JUL-10,13-JUL-10,75.00,SALERNO,LOU,1,0
86151,TAA,13-JUL-10,15-JUL-10,67.50,RIOPEL,TANA,1,1
32112,TAA,20-JUL-10,27-JUL-10,75.00,SAMPLES,CLAIR,1,0
94735,TAA,31-JUL-10,05-AUG-10,75.00,ALMGREN,CHANTAY,1,1
89433,TAA,08-AUG-10,18-AUG-10,63.75,SHALHOUP,AMAL,1,0
19017,TAA,18-AUG-10,30-AUG-10,86.25,EERKES,CODY,2,0
38017,TAA,05-SEP-10,07-SEP-10,75.00,SHOULDER,FLORENTINO,2,0
85547,TAA,11-SEP-10,16-SEP-10,93.75,EMIGHOLZ,ERWIN,1,1
35546,TAA,19-SEP-10,24-SEP-10,67.50,YUK,TIM,1,0
32552,TAA,11-OCT-10,12-OCT-10,75.00,MIDTHUN,EMMANUEL,1,0
16693,TAA,17-OCT-10,18-OCT-10,67.50,ASHCROFT,RONALD,1,0
20463,TAA,19-OCT-10,22-OCT-10,75.00,VANBLARICUM,CRISTIE,1,1
69654,TAA,23-OCT-10,29-OCT-10,75.00,TOLLINCHI,CHRISTOPER,2,0
67381,TAA,02-NOV-10,04-NOV-10,75.00,GUERETTE,CLARETTA,2,0
58942,TAA,04-NOV-10,08-NOV-10,75.00,HULETTE,DARIUS,1,0
76087,TAA,18-NOV-10,23-NOV-10,67.50,SELIGA,LEOPOLDO,1,1
81825,TAA,25-NOV-10,27-NOV-10,86.25,DEVEY,GIUSEPPE,1,1
90621,TAA,28-NOV-10,30-NOV-10,86.25,RENDLEMAN,JULI,1,0
42000,TAA,04-DEC-10,11-DEC-10,93.75,STRINGFELLOW,GEARLDINE,2,0
33013,TAA,16-DEC-10,18-DEC-10,67.50,STYCH,DIA,1,0
33339,TAA,22-DEC-10,27-DEC-10,67.50,WISSINGER,JACQUES,1,0
54274,TAA,27-DEC-10,28-DEC-10,75.00,PEYATT,SHERON,1,0
84497,TAA,28-DEC-10,29-DEC-10,75.00,FRERICKS,RONNY,2,0
46908,TAA,29-DEC-10,30-DEC-10,86.25,PULOS,ROBERTO,1,0
47108,TAA,30-DEC-10,12-JAN-11,75.00,WILCUTT,BLAINE,1,0
87722,CAS,01-JAN-10,07-JAN-10,175.00,GIERLING,TRENT,2,0
24980,CAS,07-JAN-10,08-JAN-10,201.25,GRONDAHL,ELVINA,1,0
38140,CAS,22-JAN-10,23-JAN-10,218.75,KUDRON,CATHERIN,3,0
75632,CAS,26-JAN-10,27-JAN-10,148.75,DONIGAN,GLEN,2,1
97542,CAS,27-JAN-10,29-JAN-10,175.00,GARZONE,EDISON,3,0
89101,CAS,29-JAN-10,30-JAN-10,201.25,GIOVANINI,ROXANE,1,1
57298,CAS,30-JAN-10,03-FEB-10,148.75,KNOP,JEFFRY,1,0
56797,CAS,03-FEB-10,05-FEB-10,175.00,PFEUFFER,VALENTIN,3,0
32138,CAS,05-FEB-10,07-FEB-10,175.00,KOEHNE,YUONNE,3,1
74036,CAS,08-FEB-10,14-FEB-10,175.00,MANTERNACH,ALBERTA,2,0
90483,CAS,14-FEB-10,25-FEB-10,175.00,HUIZINGA,GILBERT,2,1
83347,CAS,26-FEB-10,28-FEB-10,201.25,MCCULLARS,ALEIDA,2,0
99340,CAS,04-MAR-10,05-MAR-10,175.00,DONIGAN,GLEN,3,0
90569,CAS,06-MAR-10,07-MAR-10,201.25,LIBBERTON,SAM,1,0
36156,CAS,07-MAR-10,12-MAR-10,175.00,GUILFOIL,KOREY,2,0
66494,CAS,14-MAR-10,18-MAR-10,157.50,KOLB,ENA,3,0
11718,CAS,18-MAR-10,19-MAR-10,157.50,GLIWSKI,DAN,2,1
20991,CAS,19-MAR-10,01-APR-10,201.25,PLYMEL,STEPHEN,1,0
92372,CAS,01-APR-10,03-APR-10,175.00,GOODHUE,RUSSELL,1,0
46496,CAS,08-APR-10,12-APR-10,175.00,ALWINE,SHAWANDA,3,0
31695,CAS,16-APR-10,18-APR-10,148.75,KEPKE,HAROLD,2,0
14644,CAS,23-APR-10,24-APR-10,148.75,VOLANTE,EMERY,4,0
12631,CAS,24-APR-10,26-APR-10,175.00,ONEEL,PASQUALE,1,0
83133,CAS,26-APR-10,27-APR-10,175.00,JEE,HERMAN,2,2
93732,CAS,30-APR-10,02-MAY-10,157.50,STARE,ELIJAH,1,0
82884,CAS,07-MAY-10,08-MAY-10,157.50,LEVAR,NYLA,2,1
13192,CAS,08-MAY-10,15-MAY-10,175.00,MCCORVEY,JESUS,1,0
46797,CAS,15-MAY-10,16-MAY-10,175.00,VANBLARICUM,CRISTIE,3,1
93382,CAS,16-MAY-10,22-MAY-10,175.00,PACHERO,MAGAN,2,2
83866,CAS,01-JUN-10,05-JUN-10,148.75,BARBER,CALEB,3,0
70937,CAS,06-JUN-10,07-JUN-10,148.75,BERTINI,DYAN,3,0
92150,CAS,13-JUN-10,16-JUN-10,157.50,BOBSEINE,HUMBERTO,1,2
87631,CAS,16-JUN-10,23-JUN-10,175.00,EDEMANN,KACI,1,0
70863,CAS,23-JUN-10,05-JUL-10,201.25,MUHLESTEIN,REINALDO,1,2
29003,CAS,05-JUL-10,07-JUL-10,175.00,MASSER,TROY,1,1
21050,CAS,11-JUL-10,17-JUL-10,175.00,CHATTERJEE,ALFRED,3,0
59593,CAS,17-JUL-10,18-JUL-10,218.75,GRULKEY,JULIO,1,3
92515,CAS,18-JUL-10,25-JUL-10,201.25,LIESTMAN,TOVA,2,0
80282,CAS,27-JUL-10,29-JUL-10,157.50,PETERSON,SHARRI,1,1
42424,CAS,01-AUG-10,14-AUG-10,157.50,SCARPINO,BERNITA,2,0
19812,CAS,14-AUG-10,15-AUG-10,157.50,MCCARTER,IVAN,3,1
85102,CAS,15-AUG-10,16-AUG-10,201.25,GIANOPULOS,LYLA,1,0
90653,CAS,16-AUG-10,17-AUG-10,175.00,SHIYOU,SYLVIE,1,0
32565,CAS,21-AUG-10,26-AUG-10,157.50,KALAFATIS,KEITH,3,0
28447,CAS,26-AUG-10,27-AUG-10,175.00,GEOHAGAN,ISSAC,2,2
75770,CAS,27-AUG-10,29-AUG-10,175.00,TRIGLETH,REYES,3,0
26380,CAS,30-AUG-10,31-AUG-10,201.25,KABZINSKI,MILLIE,1,0
15059,CAS,31-AUG-10,07-SEP-10,157.50,LERCH,NICKY,3,1
21863,CAS,07-SEP-10,08-SEP-10,175.00,ARGOTE,ODELIA,1,0
62161,CAS,08-SEP-10,09-SEP-10,157.50,IKEDA,FREEMAN,1,0
32781,CAS,09-SEP-10,15-SEP-10,175.00,DURAN,BO,2,2
98805,CAS,16-SEP-10,18-SEP-10,175.00,WITHFIELD,IVORY,1,1
37456,CAS,18-SEP-10,19-SEP-10,175.00,BOWEN,NIDA,2,0
10990,CAS,21-SEP-10,27-SEP-10,175.00,TRACHSEL,DAMIEN,1,3
72813,CAS,29-SEP-10,03-OCT-10,201.25,WEINLAND,BEV,3,1
21216,CAS,03-OCT-10,04-OCT-10,201.25,VANNAMAN,ERICH,1,0
98711,CAS,08-OCT-10,09-OCT-10,201.25,ROSSEY,ALLEN,1,0
88863,CAS,22-OCT-10,23-OCT-10,175.00,TOAN,YONG,1,0
60313,CAS,28-OCT-10,30-OCT-10,218.75,SLONE,LARITA,1,1
80582,CAS,30-OCT-10,09-NOV-10,201.25,PFEUFFER,FREDRICK,1,0
98328,CAS,14-NOV-10,15-NOV-10,201.25,MORAWSKI,KRIS,1,3
16234,CAS,15-NOV-10,16-NOV-10,157.50,GRABILL,JULEE,2,0
32739,CAS,20-NOV-10,24-NOV-10,148.75,SHAFE,TUAN,1,2
94073,CAS,27-NOV-10,03-DEC-10,175.00,MANSELL,FLORENTINO,1,0
32015,CAS,03-DEC-10,05-DEC-10,201.25,EADER,JACKIE,2,0
59986,CAS,05-DEC-10,09-DEC-10,175.00,WEINAND,HARRIETT,1,0
36345,CAS,10-DEC-10,12-DEC-10,157.50,TURVAVILLE,TYLER,1,0
99478,CAS,29-DEC-10,31-DEC-10,157.50,WENRICH,ELWOOD,3,0
93389,CAS,31-DEC-10,08-JAN-11,218.75,PELLOWSKI,ELKE,1,0
32896,RTE,06-JAN-10,13-JAN-10,157.50,LUTFY,LIZETTE,1,2
24412,RTE,23-JAN-10,30-JAN-10,175.00,PENEZ,AMIEE,2,0
76432,RTE,30-JAN-10,03-FEB-10,148.75,DIEUDONNE,KRYSTEN,2,2
62024,RTE,06-FEB-10,12-FEB-10,157.50,LUTTRELL,MONTY,1,3
25374,RTE,15-FEB-10,17-FEB-10,157.50,JASPERS,LIBBIE,1,0
45483,RTE,17-FEB-10,18-FEB-10,157.50,JENQUIN,JAY,2,0
77094,RTE,23-FEB-10,27-FEB-10,218.75,DISHAW,CODY,1,2
93672,RTE,28-FEB-10,04-MAR-10,148.75,SOMO,FELICITAS,1,1
49606,RTE,04-MAR-10,05-MAR-10,201.25,YOKUM,GARRY,1,3
23740,RTE,07-MAR-10,12-MAR-10,218.75,NOWLEY,ROMEO,2,0
14447,RTE,14-MAR-10,18-MAR-10,201.25,MAASCH,CHARISSA,2,0
52353,RTE,31-MAR-10,07-APR-10,201.25,WISWELL,JERROD,1,0
45279,RTE,08-APR-10,12-APR-10,201.25,HALBERSTAM,SHERRILL,4,0
50459,RTE,14-APR-10,15-APR-10,218.75,LORENZANO,SON,1,2
50458,RTE,18-APR-10,20-APR-10,175.00,VOLANTE,EMERY,1,2
98557,RTE,20-APR-10,21-APR-10,218.75,MAIDENS,THOMASINE,1,2
25010,RTE,22-APR-10,01-MAY-10,201.25,WESTRUM,TIMMY,2,2
54061,RTE,05-MAY-10,12-MAY-10,175.00,BARTHELL,RICARDA,1,0
79213,RTE,17-MAY-10,29-MAY-10,157.50,NEUZIL,MIREYA,1,3
34999,RTE,15-JUN-10,19-JUN-10,175.00,DANIELLO,RUDOLF,1,1
37309,RTE,19-JUN-10,21-JUN-10,175.00,PERRINO,DENNY,3,1
48854,RTE,26-JUN-10,27-JUN-10,175.00,TROKEY,INGRID,2,0
22954,RTE,27-JUN-10,04-JUL-10,157.50,ALLAIRE,RAMONA,1,1
14896,RTE,04-JUL-10,06-JUL-10,148.75,KUDRON,CATHERIN,1,1
30186,RTE,06-JUL-10,07-JUL-10,175.00,MAKI,ADAN,1,0
53186,RTE,09-JUL-10,14-JUL-10,157.50,MANARD,ARDELIA,1,0
43707,RTE,14-JUL-10,16-JUL-10,175.00,GUT,ALEJANDRA,1,1
71343,RTE,19-JUL-10,21-JUL-10,201.25,TOWBER,MODESTO,1,0
81785,RTE,23-JUL-10,24-JUL-10,157.50,FALT,SHAWN,1,0
49802,RTE,30-JUL-10,04-AUG-10,157.50,CONRAD,ELODIA,1,1
77535,RTE,08-AUG-10,12-AUG-10,201.25,KEBEDE,ARON,1,3
12142,RTE,13-AUG-10,23-AUG-10,175.00,JUNOR,LENNY,3,1
18398,RTE,23-AUG-10,24-AUG-10,175.00,PARAGAS,ALVIN,1,1
79161,RTE,24-AUG-10,25-AUG-10,175.00,RUBERTI,DOMINIC,1,0
82503,RTE,27-AUG-10,29-AUG-10,175.00,RIINA,TATIANA,2,2
80760,RTE,03-SEP-10,04-SEP-10,175.00,DELISSER,COLEMAN,3,1
42688,RTE,04-SEP-10,08-SEP-10,148.75,BRIERTON,MAJOR,1,2
73364,RTE,09-SEP-10,10-SEP-10,157.50,MAROUN,MARTH,1,0
49609,RTE,12-SEP-10,17-SEP-10,175.00,ZEPEDA,ELANA,2,2
45022,RTE,20-SEP-10,21-SEP-10,175.00,PAILET,GIUSEPPE,3,1
15192,RTE,22-SEP-10,23-SEP-10,175.00,JEFFRYES,DANILO,1,0
15428,RTE,25-SEP-10,27-SEP-10,175.00,BROOKSHEAR,NAPOLEON,2,0
57909,RTE,02-OCT-10,06-OCT-10,201.25,OULETTE,ALDO,1,0
28353,RTE,06-OCT-10,08-OCT-10,148.75,PINNELL,ANITA,1,2
71802,RTE,23-OCT-10,29-OCT-10,201.25,GOODHUE,RUSSELL,1,0
87949,RTE,02-NOV-10,03-NOV-10,201.25,SCHWEITZ,DANNETTE,3,1
19701,RTE,14-NOV-10,15-NOV-10,201.25,HOTELLING,REGENIA,1,0
79296,RTE,15-NOV-10,17-NOV-10,175.00,BLACKMORE,APRYL,1,0
85166,RTE,17-NOV-10,19-NOV-10,201.25,RAUGHT,DARON,3,1
21490,RTE,23-NOV-10,24-NOV-10,175.00,PAVLOCK,MARCELO,2,2
45745,RTE,29-NOV-10,30-NOV-10,175.00,MEGGS,CARY,1,0
83487,RTE,30-NOV-10,02-DEC-10,175.00,SHARRER,SHARA,1,0
38293,RTE,17-DEC-10,19-DEC-10,157.50,SCHOSSOW,BO,3,1
17480,RTE,22-DEC-10,28-DEC-10,157.50,DEBARDELABEN,NELL,3,0
64785,RTE,28-DEC-10,04-JAN-11,148.75,MAEWEATHER,AUGUST,3,0
56517,FNA,01-JAN-10,04-JAN-10,225.00,TUPPEN,HANS,1,1
65186,FNA,13-JAN-10,15-JAN-10,250.00,GOSSERAND,CURTIS,2,1
25966,FNA,15-JAN-10,17-JAN-10,212.50,DUMAN,LUKE,3,1
66899,FNA,18-JAN-10,19-JAN-10,225.00,TUNE,MARISSA,1,0
58779,FNA,19-JAN-10,21-JAN-10,250.00,ZENTNER,ROBBIE,1,1
93918,FNA,26-JAN-10,31-JAN-10,250.00,HARDACRE,NEIL,3,0
51685,FNA,03-FEB-10,04-FEB-10,250.00,EIMER,LYNELLE,2,0
28499,FNA,04-FEB-10,05-FEB-10,212.50,DOMINGUEZ,STACEY,1,1
95600,FNA,05-FEB-10,07-FEB-10,225.00,MOUTON,CASANDRA,4,0
14834,FNA,07-FEB-10,13-FEB-10,225.00,WITTROCK,DEBBIE,1,2
71009,FNA,18-FEB-10,20-FEB-10,250.00,OXBORROW,CARLETTA,2,0
63153,FNA,20-FEB-10,22-FEB-10,312.50,TROKEY,INGRID,4,0
28771,FNA,26-FEB-10,09-MAR-10,250.00,MORRISSETTE,FAVIOLA,3,1
13205,FNA,14-MAR-10,18-MAR-10,250.00,VANDOREN,MAJOR,1,0
72656,FNA,18-MAR-10,19-MAR-10,250.00,PICHARD,HOLLIS,1,3
67292,FNA,24-MAR-10,28-MAR-10,287.50,GUEDESSE,SOL,3,0
22169,FNA,06-APR-10,07-APR-10,287.50,SCHUL,HOYT,1,0
65283,FNA,08-APR-10,09-APR-10,287.50,ALLAIRE,RAMONA,2,0
11631,FNA,10-APR-10,12-APR-10,312.50,ESPINO,MARCELINA,2,1
83396,FNA,12-APR-10,13-APR-10,250.00,DRDA,LESTER,1,1
99863,FNA,17-APR-10,19-APR-10,250.00,ARBUCKLE,LORENA,4,0
54811,FNA,19-APR-10,20-APR-10,225.00,KLEVER,ERASMO,2,1
47352,FNA,20-APR-10,24-APR-10,225.00,MARZETT,JOSEPH,1,1
28691,FNA,24-APR-10,26-APR-10,225.00,SLUKA,AIKO,1,1
73732,FNA,26-APR-10,28-APR-10,250.00,RODERICK,JOSLYN,1,0
26561,FNA,29-APR-10,03-MAY-10,250.00,DYDA,DORIAN,2,2
80964,FNA,03-MAY-10,10-MAY-10,225.00,RHYME,QUINN,4,0
85215,FNA,14-MAY-10,21-MAY-10,250.00,TEHNEY,DARRYL,1,0
60205,FNA,22-MAY-10,31-MAY-10,225.00,FRAINE,MANDA,1,1
37773,FNA,31-MAY-10,06-JUN-10,312.50,BOUGIE,MONTE,1,1
69796,FNA,09-JUN-10,11-JUN-10,250.00,LUANGSINGOTHA,WILHELMINA,1,3
19494,FNA,12-JUN-10,19-JUN-10,287.50,VORWERK,DORINE,1,0
41037,FNA,19-JUN-10,02-JUL-10,225.00,DUB,SUZANNE,1,0
74117,FNA,02-JUL-10,04-JUL-10,225.00,HORTILLOSA,FREDDY,1,0
17338,FNA,04-JUL-10,05-JUL-10,287.50,RUBY,QUENTIN,2,2
71818,FNA,05-JUL-10,06-JUL-10,250.00,SALOWITZ,QUEEN,2,1
99419,FNA,11-JUL-10,12-JUL-10,250.00,DALGLEISH,RYAN,4,0
87412,FNA,16-JUL-10,22-JUL-10,250.00,HARE,ELSIE,2,2
71902,FNA,27-JUL-10,31-JUL-10,250.00,ANNABLE,IRA,1,0
94437,FNA,31-JUL-10,02-AUG-10,250.00,SVATEK,KELLY,2,0
82515,FNA,02-AUG-10,03-AUG-10,287.50,ALWINE,SHAWANDA,1,2
79615,FNA,03-AUG-10,05-AUG-10,250.00,CONRAD,ELODIA,1,2
22615,FNA,09-AUG-10,10-AUG-10,212.50,QUISPE,MARGARITO,1,1
59166,FNA,20-AUG-10,21-AUG-10,250.00,TANI,DOMINICK,3,0
23302,FNA,21-AUG-10,22-AUG-10,287.50,CONSTABLE,RASHAD,1,2
53668,FNA,22-AUG-10,24-AUG-10,287.50,FIGUROA,BEN,1,0
30671,FNA,29-AUG-10,01-SEP-10,225.00,KON,DEWAYNE,1,1
35922,FNA,01-SEP-10,02-SEP-10,287.50,SINGERMAN,YAN,1,0
75457,FNA,05-SEP-10,07-SEP-10,225.00,SEGO,HUNG,1,0
16061,FNA,11-SEP-10,14-SEP-10,312.50,ENDLER,ODIS,2,1
25389,FNA,19-SEP-10,21-SEP-10,212.50,INTERRANTE,EMMITT,3,1
60454,FNA,06-OCT-10,08-OCT-10,225.00,GOLSTON,CONSUELA,2,2
28198,FNA,08-OCT-10,18-OCT-10,225.00,SAPORITO,ANDREAS,1,0
39910,FNA,19-OCT-10,21-OCT-10,250.00,KAMINSKY,DANNY,1,0
92303,FNA,04-NOV-10,10-NOV-10,287.50,BRISENDINE,JEWEL,1,0
26345,FNA,10-NOV-10,12-NOV-10,250.00,QUEROS,MAHALIA,1,1
99236,FNA,16-NOV-10,17-NOV-10,287.50,SCHOENING,LEROY,1,1
85417,FNA,21-NOV-10,26-NOV-10,225.00,MULKEY,EMERY,2,0
10574,FNA,26-NOV-10,03-DEC-10,287.50,SWEAZY,ROY,2,1
29568,FNA,03-DEC-10,08-DEC-10,225.00,BOETTNER,REIKO,3,0
28106,FNA,11-DEC-10,17-DEC-10,312.50,VANDERSCHAEGE,MITZIE,2,0
56373,FNA,18-DEC-10,20-DEC-10,225.00,BEGEN,ASHLYN,3,0
94004,FNA,21-DEC-10,24-DEC-10,250.00,JARVI,JOHNNIE,4,0
28948,FNA,24-DEC-10,26-DEC-10,287.50,RUPE,QUIANA,2,0
71987,FNA,30-DEC-10,31-DEC-10,250.00,HARE,ELSIE,2,0
67409,FNA,31-DEC-10,04-JAN-11,250.00,MADRON,DONNIE,2,1
